,Video URL,Title,Views,Date
418,https://youtube.com/watch?v=l7lOQ4MW5wg,15 Jobs That Can Make You a Millionaire,1.1M views,1 year ago
440,https://youtube.com/watch?v=BWamKz7lbNo,15 Things POOR People Waste Money On,1.7M views,1 year ago
486,https://youtube.com/watch?v=TVJOyArnq3s,15 Things To Do If You Get Rich All of a Sudden,1M views,1 year ago
574,https://youtube.com/watch?v=8pIWRZWhnnI,Top 10 Richest Black Billionaires In The World,1M views,1 year ago
638,https://youtube.com/watch?v=KcCG_zdAu6Q,15 Lessons Rich Parents Teach Their Kids That The Poor Donâ€™t,1.1M views,1 year ago
656,https://youtube.com/watch?v=a47dqygseGo,15 Books Bill Gates Thinks Everyone Should Read,1M views,1 year ago
718,https://youtube.com/watch?v=k23pMHQ5YQo,15 Ways To Make One Million Dollars,1.8M views,1 year ago
769,https://youtube.com/watch?v=TwnxYVNBhko,15 Things You Didn't Know About Tom Hardy,1.1M views,1 year ago
775,https://youtube.com/watch?v=IYW7gTFnQCI,Top 10 Richest Car Companies In The World,1.4M views,1 year ago
790,https://youtube.com/watch?v=MbRCGcVRz8I,Top 10 Richest Criminal Organizations,1.3M views,1 year ago
792,https://youtube.com/watch?v=AKLqZ6VnMG4,15 Signs You're An Alpha-Male,1.1M views,1 year ago
842,https://youtube.com/watch?v=U0x3piG_QRo,15 Steps To Master Self-Discipline,1.1M views,2 years ago
856,https://youtube.com/watch?v=DOxQFi4ZI2c,15 LESSONS People Learn Too Late In Life,1.6M views,2 years ago
862,https://youtube.com/watch?v=GBM2k2zp-MQ,15 Tips To Manage Your Time Better,1M views,2 years ago
863,https://youtube.com/watch?v=MXCM0npChB4,15 SKILLS You Need To Develop If You Want To Be RICH,1.1M views,2 years ago
871,https://youtube.com/watch?v=XPL53x2obV0,15 Things You Didn't Know About Mohammad Bin Salman Al Said,2M views,2 years ago
912,https://youtube.com/watch?v=PND7QS4dia0,15 SACRIFICES You Need To Make If You Want To Be RICH,1.9M views,2 years ago
915,https://youtube.com/watch?v=qf8jp60lNnY,15 Things You Didn't Know About Pakistan,1M views,2 years ago
